year,forecast,lower_ci,upper_ci,level
2024,43485.28186611744,26534.975133423122,60435.58859881175,National
2025,44858.82801742044,21835.522572179285,67882.1334626616,National
