feature,importance
avg_second_half,0.13710691823899368
min_crimes,0.12452830188679243
avg_crimes,0.11446540880503142
avg_annual_crimes,0.11383647798742136
total_crimes,0.11383647798742136
avg_first_half,0.10691823899371067
max_crimes,0.09371069182389935
std_crimes,0.08364779874213835
crime_range,0.07044025157232703
trend_direction_encoded,0.033333333333333326
coefficient_variation,0.017610062893081757
