Accuracy,Precision,Recall,F1-Score
0.4,0.4666666666666667,0.4,0.36666666666666664
0.6,0.4666666666666667,0.6,0.5
0.4,0.4666666666666667,0.4,0.36666666666666664
