,total_crimes,total_crimes,total_crimes,total_crimes,avg_crimes,avg_crimes,avg_crimes,avg_crimes,growth_rate,growth_rate,growth_rate,growth_rate,volatility,volatility,volatility,volatility
,mean,std,min,max,mean,std,min,max,mean,std,min,max,mean,std,min,max
cluster,,,,,,,,,,,,,,,,
0,22773.545454545456,10868.123650047752,3213,37098,2846.693181818182,1358.515456255969,401.625,4637.25,-46.32870349797889,10.301520329574736,-59.95006242197254,-24.088983050847457,787.3049352019589,326.80639590941786,88.5275380884389,1144.8261174893391
1,77672.66666666667,38761.56768415505,52252,122286,9709.083333333334,4845.1959605193815,6531.5,15285.75,-62.80012101553191,8.77638248076934,-72.75410580488912,-56.17584917926215,3632.5041694021406,1197.6196672923838,2631.267972453042,4959.219977548312
